label,feature_1,feature_2,category,family
Spyware-Zeus-1.raw,0.024589621879733,0.7315854018894012,Spyware,Zeus
Spyware-TIBS-4.raw,0.1324931109184872,0.291402477595069,Spyware,Tibs
Spyware-Zeus-1.raw,0.3864947741864846,0.7980006319609466,Spyware,Zeus
Spyware-TIBS-4.raw,0.3475578605143558,0.1277110912730991,Spyware,Tibs
Ransomware-WannaCry-2.raw,0.3419626306799089,0.3123984914707538,Ransomware,Wannacry
Benign,0.0138907012189353,0.1194949021590197,Benign,Benign
Trojan-Emotet-3.raw,0.9493922368726396,0.1032905234541108,Trojan,Emotet
Spyware-Zeus-1.raw,0.483113322355808,0.5963452288245417,Spyware,Zeus
Ransomware-WannaCry-2.raw,0.7474216552275214,0.666265825390375,Ransomware,Wannacry
Spyware-TIBS-4.raw,0.783182477392596,0.2403857709728395,Spyware,Tibs
Spyware-Zeus-1.raw,0.8108594162346264,0.0463654065632209,Spyware,Zeus
Trojan-Emotet-3.raw,0.2791084199851747,0.3730743180715886,Trojan,Emotet
Trojan-Emotet-3.raw,0.4914811285828407,0.5398541283717038,Trojan,Emotet
Spyware-Zeus-1.raw,0.136250373025026,0.293155050132175,Spyware,Zeus
Spyware-TIBS-4.raw,0.6556013037235023,0.6268045826982902,Spyware,Tibs
Trojan-Emotet-3.raw,0.191796148050893,0.8382643662725736,Trojan,Emotet
Spyware-TIBS-4.raw,0.8011254076966847,0.8869952937151938,Spyware,Tibs
Trojan-Emotet-3.raw,0.9038951009860806,0.0920093785187513,Trojan,Emotet
Ransomware-WannaCry-2.raw,0.9540230961657052,0.894341612369446,Ransomware,Wannacry
Spyware-Zeus-1.raw,0.5897012472532933,0.5638759609264392,Spyware,Zeus
Spyware-TIBS-4.raw,0.0043121147046727,0.5644756396692625,Spyware,Tibs
Ransomware-WannaCry-2.raw,0.8874929435545501,0.1264425969714324,Ransomware,Wannacry
Spyware-Zeus-1.raw,0.962904972435705,0.6733406148899564,Spyware,Zeus
Trojan-Emotet-3.raw,0.2671454097992897,0.8392951981627867,Trojan,Emotet
Benign,0.878652427537308,0.203279295642333,Benign,Benign
Trojan-Emotet-3.raw,0.4432896483181293,0.0248055070212384,Trojan,Emotet
Ransomware-WannaCry-2.raw,0.9494175216865276,0.3310059273364973,Ransomware,Wannacry
Spyware-TIBS-4.raw,0.7836146001548261,0.3350062925462549,Spyware,Tibs
Benign,0.374208267071063,0.889372781018052,Benign,Benign
Spyware-TIBS-4.raw,0.4691238051285156,0.3184020300737917,Spyware,Tibs
Ransomware-WannaCry-2.raw,0.932151496780762,0.6629444783894338,Ransomware,Wannacry
Ransomware-WannaCry-2.raw,0.2854288806148785,0.3102814836106738,Ransomware,Wannacry
Ransomware-WannaCry-2.raw,0.2605963298010907,0.3271672351775883,Ransomware,Wannacry
Trojan-Emotet-3.raw,0.4329327703424381,0.187070815091896,Trojan,Emotet
Ransomware-WannaCry-2.raw,0.1713906351510452,0.2165388484811117,Ransomware,Wannacry
Benign,0.3118614127257907,0.8621843755503515,Benign,Benign
Spyware-TIBS-4.raw,0.2285422967297914,0.3903191998462102,Spyware,Tibs
Ransomware-WannaCry-2.raw,0.5457839062318547,0.3486854071009728,Ransomware,Wannacry
Trojan-Emotet-3.raw,0.5165815397914483,0.0404539145107445,Trojan,Emotet
Trojan-Emotet-3.raw,0.9765749773261468,0.7392881814480721,Trojan,Emotet
Spyware-TIBS-4.raw,0.6094827661591187,0.2266775154190881,Spyware,Tibs
Spyware-Zeus-1.raw,0.1908835968088985,0.4298655196945588,Spyware,Zeus
Spyware-Zeus-1.raw,0.6236337007418902,0.3610451053353488,Spyware,Zeus
Spyware-Zeus-1.raw,0.8972657312636133,0.5800137308205077,Spyware,Zeus
Trojan-Emotet-3.raw,0.4332743798377564,0.5947082653495491,Trojan,Emotet
Spyware-Zeus-1.raw,0.6727656213231938,0.0345225818354397,Spyware,Zeus
Spyware-Zeus-1.raw,0.0331400184298948,0.8229583299112011,Spyware,Zeus
Spyware-Zeus-1.raw,0.3677323366628682,0.4807242523268985,Spyware,Zeus
Spyware-Zeus-1.raw,0.5638304725708733,0.8536651146279124,Spyware,Zeus
Ransomware-WannaCry-2.raw,0.8399049567590638,0.9201413391920794,Ransomware,Wannacry
Trojan-Emotet-3.raw,0.1617929381578245,0.0817977641959626,Trojan,Emotet
Spyware-Zeus-1.raw,0.769952276307298,0.4520867180690854,Spyware,Zeus
Trojan-Emotet-3.raw,0.6934017970949453,0.8288801728836906,Trojan,Emotet
Ransomware-WannaCry-2.raw,0.8995815380087016,0.8507663351074626,Ransomware,Wannacry
Benign,0.8792505641324232,0.0578569844886646,Benign,Benign
Trojan-Emotet-3.raw,0.3767587060165115,0.0452535793803824,Trojan,Emotet
Spyware-Zeus-1.raw,0.8429353444758451,0.8200989787557836,Spyware,Zeus
Ransomware-WannaCry-2.raw,0.2884543096051968,0.9621219521107458,Ransomware,Wannacry
Spyware-Zeus-1.raw,0.3562028038478232,0.8957209985877472,Spyware,Zeus
Benign,0.6547297186454154,0.6963307111559303,Benign,Benign
Ransomware-WannaCry-2.raw,0.4131559301744353,0.5722856104762872,Ransomware,Wannacry
Spyware-Zeus-1.raw,0.2774626289278876,0.03496539562011,Spyware,Zeus
Spyware-Zeus-1.raw,0.9052939827315968,0.7638610486443973,Spyware,Zeus
Spyware-Zeus-1.raw,0.6338421267307377,0.7953651873343126,Spyware,Zeus
Benign,0.6393570665073219,0.1745177843503628,Benign,Benign
Ransomware-WannaCry-2.raw,0.0976346205285302,0.4682235600697548,Ransomware,Wannacry
Spyware-Zeus-1.raw,0.2433756768833094,0.3511942490141447,Spyware,Zeus
Ransomware-WannaCry-2.raw,0.4113617007051996,0.2252388594595807,Ransomware,Wannacry
Trojan-Emotet-3.raw,0.0537390624454467,0.0750105373927199,Trojan,Emotet
Spyware-Zeus-1.raw,0.1041316150842732,0.8854211591047021,Spyware,Zeus
Ransomware-WannaCry-2.raw,0.050184017037443,0.5158102048820209,Ransomware,Wannacry
Trojan-Emotet-3.raw,0.1570724117721966,0.1775647708173803,Trojan,Emotet
Spyware-Zeus-1.raw,0.8362794830338681,0.3882900847709574,Spyware,Zeus
Spyware-TIBS-4.raw,0.7733976521518549,0.9284046263100574,Spyware,Tibs
Spyware-TIBS-4.raw,0.5893481448390123,0.6597911559717059,Spyware,Tibs
Ransomware-WannaCry-2.raw,0.3650970628635106,0.9051229123175514,Ransomware,Wannacry
Benign,0.4374100183463667,0.9684713121916532,Benign,Benign
Spyware-TIBS-4.raw,0.7628255036164158,0.7880886649711103,Spyware,Tibs
Spyware-TIBS-4.raw,0.8818598501623602,0.3825911826674957,Spyware,Tibs
Benign,0.5098151332826589,0.891290039996699,Benign,Benign
Spyware-Zeus-1.raw,0.9498340484366482,0.8599654740751767,Spyware,Zeus
Spyware-TIBS-4.raw,0.5798861884305307,0.1619881688613293,Spyware,Tibs
Ransomware-WannaCry-2.raw,0.95862422130956,0.1097931088369089,Ransomware,Wannacry
Trojan-Emotet-3.raw,0.1420378208720042,0.9066729116046344,Trojan,Emotet
Benign,0.5627236585406873,0.8332773794958406,Benign,Benign
Spyware-TIBS-4.raw,0.7529418991046067,0.8483348314285589,Spyware,Tibs
Ransomware-WannaCry-2.raw,0.454495965870869,0.2685585359216917,Ransomware,Wannacry
Spyware-Zeus-1.raw,0.0793081375920429,0.8852028485152307,Spyware,Zeus
Ransomware-WannaCry-2.raw,0.4536763529252008,0.3418037650229991,Ransomware,Wannacry
Ransomware-WannaCry-2.raw,0.0280224824545581,0.7768783423086737,Ransomware,Wannacry
Spyware-Zeus-1.raw,0.030156168909504,0.0939119097344165,Spyware,Zeus
Spyware-TIBS-4.raw,0.3558822446829783,0.5327994743291141,Spyware,Tibs
Benign,0.6783475932180687,0.7765373568911383,Benign,Benign
Benign,0.979518373196514,0.5404708302897,Benign,Benign
Ransomware-WannaCry-2.raw,0.0183701352541523,0.4271004416301691,Ransomware,Wannacry
Spyware-TIBS-4.raw,0.6688480395975109,0.6110262384966413,Spyware,Tibs
Spyware-TIBS-4.raw,0.5872111117379772,0.9915007246325884,Spyware,Tibs
Spyware-Zeus-1.raw,0.0618653038078993,0.6555056962252581,Spyware,Zeus
Spyware-Zeus-1.raw,0.5386477458036963,0.9350429188474748,Spyware,Zeus
Ransomware-WannaCry-2.raw,0.0369377132232997,0.6492617284362684,Ransomware,Wannacry
Trojan-Emotet-3.raw,0.9825879705126696,0.255585355525956,Trojan,Emotet
Benign,0.0181485655749652,0.205508813380569,Benign,Benign
Spyware-TIBS-4.raw,0.4048242798337057,0.9182017727378734,Spyware,Tibs
Spyware-TIBS-4.raw,0.6716775423920416,0.9180199731362924,Spyware,Tibs
Trojan-Emotet-3.raw,0.0724587020843137,0.6603232269065789,Trojan,Emotet
Trojan-Emotet-3.raw,0.195112330022369,0.1484745495496183,Trojan,Emotet
Trojan-Emotet-3.raw,0.968725446696002,0.8942077156139427,Trojan,Emotet
Ransomware-WannaCry-2.raw,0.1960202463630556,0.6120413026541502,Ransomware,Wannacry
Trojan-Emotet-3.raw,0.1796137010114551,0.3034418375126723,Trojan,Emotet
Ransomware-WannaCry-2.raw,0.8057362574328871,0.6752363827167083,Ransomware,Wannacry
Spyware-TIBS-4.raw,0.5857851588144828,0.0815526519058074,Spyware,Tibs
Trojan-Emotet-3.raw,0.9135471323148278,0.0717657970344476,Trojan,Emotet
Benign,0.4840084051237142,0.0702920847408202,Benign,Benign
Spyware-TIBS-4.raw,0.003253690255514,0.7174949188753716,Spyware,Tibs
Benign,0.9132913441637092,0.3389553124621306,Benign,Benign
Spyware-TIBS-4.raw,0.6466554337152749,0.0535457638641507,Spyware,Tibs
Trojan-Emotet-3.raw,0.9732966752806526,0.6003284726139656,Trojan,Emotet
Benign,0.5849232666719834,0.649803520381134,Benign,Benign
Trojan-Emotet-3.raw,0.9769222122188528,0.9554733498648702,Trojan,Emotet
Spyware-TIBS-4.raw,0.8797848373813464,0.2168044300522744,Spyware,Tibs
Spyware-Zeus-1.raw,0.6344577225890234,0.0664582087862168,Spyware,Zeus
Spyware-TIBS-4.raw,0.9249011048293696,0.3811466455316734,Spyware,Tibs
Trojan-Emotet-3.raw,0.1023313935888392,0.191623738244921,Trojan,Emotet
Spyware-Zeus-1.raw,0.243008667703284,0.4207459168426727,Spyware,Zeus
Spyware-TIBS-4.raw,0.2618704569809251,0.2196909722991397,Spyware,Tibs
Trojan-Emotet-3.raw,0.1393213518464174,0.5706490885530044,Trojan,Emotet
Spyware-TIBS-4.raw,0.6595930170404507,0.4170811506069023,Spyware,Tibs
Benign,0.0267801280693255,0.527674791498251,Benign,Benign
Trojan-Emotet-3.raw,0.3693487816943598,0.7439739468096326,Trojan,Emotet
Benign,0.4393152736343376,0.5874036910485488,Benign,Benign
Trojan-Emotet-3.raw,0.0760421849044902,0.0213951253060434,Trojan,Emotet
Trojan-Emotet-3.raw,0.859873975610692,0.2226903982763214,Trojan,Emotet
Ransomware-WannaCry-2.raw,0.0112882195161669,0.2298439861441581,Ransomware,Wannacry
Trojan-Emotet-3.raw,0.9614313768399264,0.5229254148713697,Trojan,Emotet
Ransomware-WannaCry-2.raw,0.030017386100734,0.7131924902041338,Ransomware,Wannacry
Benign,0.7551884995745826,0.1184285855558771,Benign,Benign
Spyware-TIBS-4.raw,0.5374872396276931,0.5737099297288847,Spyware,Tibs
Trojan-Emotet-3.raw,0.8802345933009929,0.7745780336587462,Trojan,Emotet
Ransomware-WannaCry-2.raw,0.427624521352966,0.8596573858576955,Ransomware,Wannacry
Ransomware-WannaCry-2.raw,0.8771633973712726,0.6565682885289769,Ransomware,Wannacry
Spyware-TIBS-4.raw,0.4386238491284023,0.2943891024074789,Spyware,Tibs
Spyware-TIBS-4.raw,0.0846336372515962,0.6752994190555274,Spyware,Tibs
Spyware-Zeus-1.raw,0.3509754618032431,0.6877680249280607,Spyware,Zeus
Benign,0.8113194315222978,0.6009013304365771,Benign,Benign
Spyware-TIBS-4.raw,0.99648453638616,0.1934836117479778,Spyware,Tibs
Spyware-TIBS-4.raw,0.6641576809878957,0.3970229969288587,Spyware,Tibs
Spyware-TIBS-4.raw,0.8578840971401065,0.8384576354680434,Spyware,Tibs
Benign,0.0487079675523969,0.2573848884746762,Benign,Benign
Ransomware-WannaCry-2.raw,0.0987869498794979,0.1100028531232034,Ransomware,Wannacry
Ransomware-WannaCry-2.raw,0.8238619957910968,0.8920960365018938,Ransomware,Wannacry
Ransomware-WannaCry-2.raw,0.5884067021651029,0.0615105480187208,Ransomware,Wannacry
Spyware-TIBS-4.raw,0.944304560932418,0.7295476122417511,Spyware,Tibs
Spyware-Zeus-1.raw,0.1281735382424402,0.9966784312162864,Spyware,Zeus
Ransomware-WannaCry-2.raw,0.3481731980596856,0.0390504102560317,Ransomware,Wannacry
Spyware-Zeus-1.raw,0.7041194201449207,0.7858686453418962,Spyware,Zeus
Benign,0.4386830184461372,0.4959497465369711,Benign,Benign
Ransomware-WannaCry-2.raw,0.1332486680866976,0.4510181145402588,Ransomware,Wannacry
Trojan-Emotet-3.raw,0.1693417009401209,0.8002292326647891,Trojan,Emotet
Benign,0.0980263678509961,0.6620591039747038,Benign,Benign
Spyware-Zeus-1.raw,0.7526763697131218,0.3984013545024965,Spyware,Zeus
Benign,0.3623634691846267,0.0760094871663049,Benign,Benign
Benign,0.8222313825063803,0.8600037311562159,Benign,Benign
Trojan-Emotet-3.raw,0.4221022733981342,0.950606829957109,Trojan,Emotet
Trojan-Emotet-3.raw,0.574762323494852,0.225439976665727,Trojan,Emotet
Trojan-Emotet-3.raw,0.3324081969529275,0.176007669698612,Trojan,Emotet
Spyware-Zeus-1.raw,0.4492682794207043,0.3999328249979961,Spyware,Zeus
Trojan-Emotet-3.raw,0.7686405815734253,0.3497368666360718,Trojan,Emotet
Benign,0.4015753360521313,0.9409220636976524,Benign,Benign
Spyware-TIBS-4.raw,0.2498625233260969,0.2902727904406335,Spyware,Tibs
Trojan-Emotet-3.raw,0.0403432398562487,0.3992662098941145,Trojan,Emotet
Spyware-Zeus-1.raw,0.0617671763204565,0.9784126148510872,Spyware,Zeus
Trojan-Emotet-3.raw,0.7661436288551018,0.2935899702624192,Trojan,Emotet
Trojan-Emotet-3.raw,0.4411796040754422,0.2572921657841288,Trojan,Emotet
Spyware-TIBS-4.raw,0.5805300585021965,0.160482294834299,Spyware,Tibs
Trojan-Emotet-3.raw,0.5335630165790441,0.3014532564393301,Trojan,Emotet
Spyware-Zeus-1.raw,0.0510616226791246,0.1874345053683778,Spyware,Zeus
Trojan-Emotet-3.raw,0.6477290019804508,0.5446243322760034,Trojan,Emotet
Trojan-Emotet-3.raw,0.8988750440137755,0.9106496367322034,Trojan,Emotet
Benign,0.2243970974929433,0.0591067175804009,Benign,Benign
Ransomware-WannaCry-2.raw,0.2899921891760744,0.0465824335754471,Ransomware,Wannacry
Ransomware-WannaCry-2.raw,0.3567983587469749,0.1994116112617628,Ransomware,Wannacry
Trojan-Emotet-3.raw,0.4484109115194917,0.809989404369501,Trojan,Emotet
Ransomware-WannaCry-2.raw,0.5170195913792635,0.2992174139232498,Ransomware,Wannacry
Spyware-Zeus-1.raw,0.8403025152400476,0.7098119425634613,Spyware,Zeus
Ransomware-WannaCry-2.raw,0.6406938575474248,0.8002567186280618,Ransomware,Wannacry
Ransomware-WannaCry-2.raw,0.183819830619991,0.2669181765132183,Ransomware,Wannacry
Trojan-Emotet-3.raw,0.3010729103541431,0.5155247980973704,Trojan,Emotet
Spyware-Zeus-1.raw,0.5250621204690961,0.813638399746165,Spyware,Zeus
Spyware-Zeus-1.raw,0.5995829044835804,0.1794565384138418,Spyware,Zeus
Spyware-TIBS-4.raw,0.3849890196573006,0.9830484070863932,Spyware,Tibs
Ransomware-WannaCry-2.raw,0.7080487449904017,0.0923594694687344,Ransomware,Wannacry
Spyware-Zeus-1.raw,0.0660114248776608,0.0213410661608504,Spyware,Zeus
Benign,0.6588600697592817,0.2785579252541559,Benign,Benign
Ransomware-WannaCry-2.raw,0.7673825562640645,0.0128703944289844,Ransomware,Wannacry
Spyware-Zeus-1.raw,0.9067816558629924,0.2413876044166242,Spyware,Zeus
Ransomware-WannaCry-2.raw,0.939739673701993,0.0873728216244018,Ransomware,Wannacry
Ransomware-WannaCry-2.raw,0.2515241486291725,0.4685584371289715,Ransomware,Wannacry
Trojan-Emotet-3.raw,0.878197996510748,0.3974204797889527,Trojan,Emotet
Spyware-Zeus-1.raw,0.466569036390816,0.3023756730997226,Spyware,Zeus
Spyware-TIBS-4.raw,0.0827225116390322,0.5067750692176805,Spyware,Tibs
Spyware-Zeus-1.raw,0.023119605351432,0.8663778497801095,Spyware,Zeus
Ransomware-WannaCry-2.raw,0.7210746758184209,0.2360764111964485,Ransomware,Wannacry
Ransomware-WannaCry-2.raw,0.1586882921249084,0.2589135606674982,Ransomware,Wannacry
Spyware-Zeus-1.raw,0.7150157509798247,0.3158575835574072,Spyware,Zeus
Spyware-TIBS-4.raw,0.3117448950941139,0.5574453433538266,Spyware,Tibs
Trojan-Emotet-3.raw,0.97663529528662,0.5947793215269113,Trojan,Emotet
Benign,0.7796498401776133,0.6037990173882901,Benign,Benign
Spyware-Zeus-1.raw,0.630446454615766,0.7472821774635107,Spyware,Zeus
Spyware-Zeus-1.raw,0.5237685747471756,0.3071580326666739,Spyware,Zeus
Benign,0.5137460371098003,0.7388799158249362,Benign,Benign
Trojan-Emotet-3.raw,0.8318792121269374,0.0971106304056845,Trojan,Emotet
Spyware-TIBS-4.raw,0.8970830980932684,0.9062730269076048,Spyware,Tibs
Spyware-TIBS-4.raw,0.4674015249287071,0.0473306955331647,Spyware,Tibs
Trojan-Emotet-3.raw,0.5322782935246002,0.7045459392626077,Trojan,Emotet
Spyware-TIBS-4.raw,0.1685115800153126,0.3477960867538129,Spyware,Tibs
Ransomware-WannaCry-2.raw,0.2101664686170768,0.5612282254999252,Ransomware,Wannacry
Ransomware-WannaCry-2.raw,0.2194122366062962,0.0339127860164759,Ransomware,Wannacry
Spyware-TIBS-4.raw,0.9704885181889854,0.120994654829404,Spyware,Tibs
Spyware-TIBS-4.raw,0.9063040911074328,0.2758574829120142,Spyware,Tibs
Benign,0.4818874724453087,0.5720717818942256,Benign,Benign
Ransomware-WannaCry-2.raw,0.3084673947310243,0.8576678043219685,Ransomware,Wannacry
Trojan-Emotet-3.raw,0.6032274378114018,0.5345913244576244,Trojan,Emotet
Ransomware-WannaCry-2.raw,0.2093373067355142,0.3008596738716493,Ransomware,Wannacry
Spyware-Zeus-1.raw,0.3906578041670256,0.6975787406318285,Spyware,Zeus
Spyware-Zeus-1.raw,0.5029310944268157,0.6667284476691359,Spyware,Zeus
Spyware-Zeus-1.raw,0.3795165602566105,0.114870538097954,Spyware,Zeus
Ransomware-WannaCry-2.raw,0.7243863717901005,0.8936934956684432,Ransomware,Wannacry
Ransomware-WannaCry-2.raw,0.1096336299769372,0.9230578713813368,Ransomware,Wannacry
Benign,0.8944097172025911,0.7067155004366271,Benign,Benign
Spyware-TIBS-4.raw,0.5155419203175268,0.568853784189535,Spyware,Tibs
Spyware-TIBS-4.raw,0.3673742328039365,0.2491642239086804,Spyware,Tibs
Spyware-Zeus-1.raw,0.3585003158343357,0.0461872828761034,Spyware,Zeus
Benign,0.2237461647156103,0.998285010414664,Benign,Benign
Trojan-Emotet-3.raw,0.1866020629317276,0.8345418992484471,Trojan,Emotet
Trojan-Emotet-3.raw,0.0927200527886458,0.0727620879114177,Trojan,Emotet
Ransomware-WannaCry-2.raw,0.4640928683264979,0.2295587347349154,Ransomware,Wannacry
Spyware-TIBS-4.raw,0.173867674484114,0.8343311478079334,Spyware,Tibs
Spyware-Zeus-1.raw,0.7715621626478893,0.2801727002870198,Spyware,Zeus
Spyware-Zeus-1.raw,0.3500282630413962,0.7565543099657379,Spyware,Zeus
Benign,0.9676175404162596,0.3035544478659423,Benign,Benign
Spyware-TIBS-4.raw,0.1631541860768702,0.4983068192653113,Spyware,Tibs
Ransomware-WannaCry-2.raw,0.0523703928022852,0.6943382418741169,Ransomware,Wannacry
Spyware-Zeus-1.raw,0.7474468129789753,0.3982053877764878,Spyware,Zeus
Benign,0.6287340710213405,0.9165235846175132,Benign,Benign
Spyware-TIBS-4.raw,0.2500957612722388,0.9239009582852435,Spyware,Tibs
Ransomware-WannaCry-2.raw,0.7573636436707681,0.8822988688788211,Ransomware,Wannacry
Ransomware-WannaCry-2.raw,0.1622849582643484,0.7307908722303913,Ransomware,Wannacry
Spyware-Zeus-1.raw,0.1031886127001046,0.4236078626596188,Spyware,Zeus
Spyware-Zeus-1.raw,0.1411816853930044,0.2759189475113266,Spyware,Zeus
Ransomware-WannaCry-2.raw,0.8976178940000634,0.3145932450084558,Ransomware,Wannacry
Spyware-Zeus-1.raw,0.7452738596593181,0.4551282870979346,Spyware,Zeus
Spyware-TIBS-4.raw,0.2346290514138225,0.5985112242325428,Spyware,Tibs
Spyware-Zeus-1.raw,0.5518310720447615,0.7745569582814292,Spyware,Zeus
Spyware-Zeus-1.raw,0.5778340157897507,0.9619756837253588,Spyware,Zeus
Benign,0.9053618414479884,0.8861319879442169,Benign,Benign
Trojan-Emotet-3.raw,0.1569762918370234,0.4163756985518216,Trojan,Emotet
Spyware-Zeus-1.raw,0.5761405468417371,0.7230519711158376,Spyware,Zeus
Trojan-Emotet-3.raw,0.590673763286716,0.6532250221718849,Trojan,Emotet
Benign,0.8068326064195309,0.3842095833084434,Benign,Benign
Spyware-TIBS-4.raw,0.2689502651864686,0.9482499220910148,Spyware,Tibs
Benign,0.5523271083079493,0.762323270096999,Benign,Benign
Trojan-Emotet-3.raw,0.907035592204286,0.5820734068546051,Trojan,Emotet
Spyware-Zeus-1.raw,0.4360939080771692,0.1796030046058399,Spyware,Zeus
Trojan-Emotet-3.raw,0.6710546543294261,0.2488762680302885,Trojan,Emotet
Ransomware-WannaCry-2.raw,0.199302790434747,0.8055547900455523,Ransomware,Wannacry
Trojan-Emotet-3.raw,0.9678836916322884,0.2405537371496624,Trojan,Emotet
Trojan-Emotet-3.raw,0.8596067393126308,0.0391651633568728,Trojan,Emotet
Spyware-Zeus-1.raw,0.0491982218406562,0.4273833576009965,Spyware,Zeus
Trojan-Emotet-3.raw,0.7679331217645726,0.1820569840628518,Trojan,Emotet
Spyware-Zeus-1.raw,0.729357652322828,0.3700355322913528,Spyware,Zeus
Spyware-TIBS-4.raw,0.5448056153109717,0.9956538614395548,Spyware,Tibs
Spyware-Zeus-1.raw,0.5766981035058492,0.6819403448084935,Spyware,Zeus
Benign,0.0867267669836954,0.1605217110748229,Benign,Benign
Trojan-Emotet-3.raw,0.7117487746432579,0.3106726377282891,Trojan,Emotet
Trojan-Emotet-3.raw,0.4328383744657001,0.940300487187972,Trojan,Emotet
Spyware-Zeus-1.raw,0.0487747536388734,0.9241759949451542,Spyware,Zeus
Ransomware-WannaCry-2.raw,0.8462662745946303,0.24341002199072,Ransomware,Wannacry
Ransomware-WannaCry-2.raw,0.9023395518653968,0.9958770792206618,Ransomware,Wannacry
Spyware-TIBS-4.raw,0.5396071616358682,0.3369261116192099,Spyware,Tibs
Trojan-Emotet-3.raw,0.7528090264924403,0.3432156010080276,Trojan,Emotet
Spyware-TIBS-4.raw,0.0190241915312715,0.6818588279608314,Spyware,Tibs
Spyware-TIBS-4.raw,0.2664904616158096,0.1470723946841386,Spyware,Tibs
Spyware-Zeus-1.raw,0.8116538203389545,0.2400093958012455,Spyware,Zeus
Spyware-Zeus-1.raw,0.0916725313286508,0.6482872386430929,Spyware,Zeus
Spyware-Zeus-1.raw,0.4567063140532049,0.4157891571523849,Spyware,Zeus
Spyware-TIBS-4.raw,0.500591526219385,0.0818030543192795,Spyware,Tibs
Benign,0.2410464007099764,0.2789129295332654,Benign,Benign
Spyware-TIBS-4.raw,0.9056576470292282,0.5493060410034797,Spyware,Tibs
Trojan-Emotet-3.raw,0.1993379372128069,0.282119061829809,Trojan,Emotet
Trojan-Emotet-3.raw,0.2700868315979807,0.3515765007483086,Trojan,Emotet
Ransomware-WannaCry-2.raw,0.7468282261628097,0.7215850194593326,Ransomware,Wannacry
Spyware-TIBS-4.raw,0.4688531199740341,0.567746098543336,Spyware,Tibs
Trojan-Emotet-3.raw,0.9288865691996876,0.1683284336734682,Trojan,Emotet
Trojan-Emotet-3.raw,0.5866689188598593,0.6751044710372869,Trojan,Emotet
Ransomware-WannaCry-2.raw,0.8261853882286062,0.0253713323238379,Ransomware,Wannacry
Spyware-Zeus-1.raw,0.3955355414033964,0.6796209399451517,Spyware,Zeus
Spyware-Zeus-1.raw,0.6127814357647227,0.0449699693325519,Spyware,Zeus
Ransomware-WannaCry-2.raw,0.1234173476064944,0.2604790741236805,Ransomware,Wannacry
Ransomware-WannaCry-2.raw,0.6421944353226554,0.1847127340171298,Ransomware,Wannacry
Benign,0.6546474754298375,0.5268751771523977,Benign,Benign
Benign,0.0521110994636694,0.1847495807398641,Benign,Benign
Spyware-TIBS-4.raw,0.5274018833174329,0.0298893198449144,Spyware,Tibs
Trojan-Emotet-3.raw,0.1413065656337144,0.6382524591991315,Trojan,Emotet
Ransomware-WannaCry-2.raw,0.0564952961554767,0.1175581449521884,Ransomware,Wannacry
Ransomware-WannaCry-2.raw,0.0561279981131414,0.539192261512798,Ransomware,Wannacry
Ransomware-WannaCry-2.raw,0.0095595091791335,0.7606896990560605,Ransomware,Wannacry
Spyware-Zeus-1.raw,0.2944816065488059,0.0784281292670002,Spyware,Zeus
Trojan-Emotet-3.raw,0.515329194649401,0.953705840764797,Trojan,Emotet
Spyware-Zeus-1.raw,0.8513324787439717,0.4651541892133727,Spyware,Zeus
Spyware-TIBS-4.raw,0.8243629442720951,0.4830305021269802,Spyware,Tibs
Spyware-TIBS-4.raw,0.9775687063685948,0.3566751407662818,Spyware,Tibs
Trojan-Emotet-3.raw,0.5896453859461422,0.3380557198891054,Trojan,Emotet
Spyware-Zeus-1.raw,0.4873331325343707,0.2772662448367816,Spyware,Zeus
Benign,0.2886835796126222,0.0247907679776515,Benign,Benign
Spyware-Zeus-1.raw,0.3427293834033578,0.3076881342491009,Spyware,Zeus
Trojan-Emotet-3.raw,0.7054120242752108,0.4159684760055491,Trojan,Emotet
Spyware-Zeus-1.raw,0.616520366885169,0.1292171655679166,Spyware,Zeus
Benign,0.2687393564589203,0.325802168587142,Benign,Benign
Benign,0.6185693395634034,0.6023501581582411,Benign,Benign
Trojan-Emotet-3.raw,0.5639714647758176,0.5293720922452295,Trojan,Emotet
Spyware-Zeus-1.raw,0.06864300095229,0.3988462190009656,Spyware,Zeus
Trojan-Emotet-3.raw,0.476534416960738,0.6941424182892484,Trojan,Emotet
Ransomware-WannaCry-2.raw,0.3522465023902036,0.6536845214263278,Ransomware,Wannacry
Spyware-Zeus-1.raw,0.3676656281962874,0.3643173738780118,Spyware,Zeus
Ransomware-WannaCry-2.raw,0.9315826083566396,0.5381860534253187,Ransomware,Wannacry
Trojan-Emotet-3.raw,0.1433541237275122,0.7691484640549056,Trojan,Emotet
Benign,0.3091892467249129,0.0609668124513511,Benign,Benign
Trojan-Emotet-3.raw,0.219534931154112,0.2936687763588829,Trojan,Emotet
Spyware-TIBS-4.raw,0.2525410391354471,0.2321467584086652,Spyware,Tibs
Trojan-Emotet-3.raw,0.1771462432204813,0.0973664817792933,Trojan,Emotet
Trojan-Emotet-3.raw,0.8702395244912771,0.5113340196321037,Trojan,Emotet
Ransomware-WannaCry-2.raw,0.9738172327627644,0.5137739113260638,Ransomware,Wannacry
Spyware-Zeus-1.raw,0.3057590559526016,0.8159317937535456,Spyware,Zeus
Trojan-Emotet-3.raw,0.672278309075789,0.6562587289772156,Trojan,Emotet
Spyware-Zeus-1.raw,0.7578195296715264,0.9934295446506056,Spyware,Zeus
Benign,0.7653174287698802,0.8565653534358988,Benign,Benign
Spyware-TIBS-4.raw,0.8140152907209819,0.1179324970110585,Spyware,Tibs
Spyware-Zeus-1.raw,0.4172117806918335,0.0103851671946022,Spyware,Zeus
Spyware-Zeus-1.raw,0.4638311865001178,0.8830571774764262,Spyware,Zeus
Benign,0.2800449349324718,0.6995622382681355,Benign,Benign
Trojan-Emotet-3.raw,0.9521065360173224,0.2379497674123379,Trojan,Emotet
Spyware-TIBS-4.raw,0.251521751884026,0.0587506032006952,Spyware,Tibs
Spyware-Zeus-1.raw,0.901720508844384,0.9397476813993704,Spyware,Zeus
Spyware-Zeus-1.raw,0.2511087884570293,0.1542799679887345,Spyware,Zeus
Benign,0.5636364438213672,0.6262346185505951,Benign,Benign
Trojan-Emotet-3.raw,0.6133927255627742,0.0028877681354597,Trojan,Emotet
Ransomware-WannaCry-2.raw,0.1764935597698848,0.5660023513349487,Ransomware,Wannacry
Benign,0.1740450208735554,0.8106472250259563,Benign,Benign
Spyware-Zeus-1.raw,0.949649985419996,0.7734522419014996,Spyware,Zeus
Spyware-Zeus-1.raw,0.7924543801635164,0.9582157887055244,Spyware,Zeus
Spyware-Zeus-1.raw,0.6763002641107393,0.8256641178411889,Spyware,Zeus
Benign,0.7111637815639275,0.9532256778768396,Benign,Benign
Ransomware-WannaCry-2.raw,0.3672526244967445,0.1525115030111505,Ransomware,Wannacry
Trojan-Emotet-3.raw,0.1275815732049543,0.4112132187380269,Trojan,Emotet
Spyware-TIBS-4.raw,0.983148515516832,0.22377298679181,Spyware,Tibs
Ransomware-WannaCry-2.raw,0.2998619595716529,0.9166330161403878,Ransomware,Wannacry
Trojan-Emotet-3.raw,0.8410821188364177,0.8862079417290615,Trojan,Emotet
Benign,0.6596796524174772,0.1347237326641498,Benign,Benign
Ransomware-WannaCry-2.raw,0.7084444069716908,0.2774817858661543,Ransomware,Wannacry
Trojan-Emotet-3.raw,0.9240821971279312,0.7800382442906276,Trojan,Emotet
Spyware-TIBS-4.raw,0.616065939056068,0.4295962000176118,Spyware,Tibs
Benign,0.4732454725688647,0.4265760214338681,Benign,Benign
Spyware-Zeus-1.raw,0.0750668819462915,0.6533428989053989,Spyware,Zeus
Trojan-Emotet-3.raw,0.5235909389743441,0.3867014039930061,Trojan,Emotet
Spyware-Zeus-1.raw,0.1970316674007948,0.6258762617825527,Spyware,Zeus
Spyware-Zeus-1.raw,0.4305083243922966,0.4556136879244353,Spyware,Zeus
Spyware-Zeus-1.raw,0.3033658556235337,0.6051613448531309,Spyware,Zeus
Benign,0.3860861949695876,0.5258168658209749,Benign,Benign
Benign,0.5253153765691772,0.5857811700713386,Benign,Benign
Ransomware-WannaCry-2.raw,0.8592828460926605,0.7984967495278351,Ransomware,Wannacry
Spyware-TIBS-4.raw,0.0961994070944776,0.3387440139674378,Spyware,Tibs
Ransomware-WannaCry-2.raw,0.2679674004614041,0.0422117333132049,Ransomware,Wannacry
Spyware-TIBS-4.raw,0.3588252738659871,0.1796570418743609,Spyware,Tibs
Spyware-Zeus-1.raw,0.0891044372705567,0.3788750065134429,Spyware,Zeus
Trojan-Emotet-3.raw,0.6072673322105441,0.0044131851569604,Trojan,Emotet
Spyware-Zeus-1.raw,0.3920392135440794,0.2702454904898946,Spyware,Zeus
Benign,0.8302587375674041,0.4893657753728954,Benign,Benign
Benign,0.4993473818519849,0.7953503348647375,Benign,Benign
Ransomware-WannaCry-2.raw,0.0901567201477053,0.1020954858158139,Ransomware,Wannacry
Benign,0.2256205551065911,0.5957643855110788,Benign,Benign
Trojan-Emotet-3.raw,0.647595884905438,0.6813782220041975,Trojan,Emotet
Trojan-Emotet-3.raw,0.096715952153738,0.0374984615582075,Trojan,Emotet
Trojan-Emotet-3.raw,0.8933948486427088,0.91271855125711,Trojan,Emotet
Ransomware-WannaCry-2.raw,0.8410106148135643,0.6636979453898311,Ransomware,Wannacry
Trojan-Emotet-3.raw,0.0770060778552407,0.783604277330243,Trojan,Emotet
Benign,0.0131965272889276,0.8673019711794806,Benign,Benign
Spyware-Zeus-1.raw,0.4282368389413292,0.5608339987099218,Spyware,Zeus
Ransomware-WannaCry-2.raw,0.6987298410320085,0.9207036500993004,Ransomware,Wannacry
Spyware-TIBS-4.raw,0.6953649161623373,0.6175642634296236,Spyware,Tibs
Ransomware-WannaCry-2.raw,0.8287942267906335,0.9962174961490636,Ransomware,Wannacry
Trojan-Emotet-3.raw,0.4951357200739316,0.8519220339724377,Trojan,Emotet
Spyware-TIBS-4.raw,0.7978245721224738,0.3222857624599481,Spyware,Tibs
Benign,0.8309504097631548,0.716153886764561,Benign,Benign
Ransomware-WannaCry-2.raw,0.1097689114714917,0.3029123715891216,Ransomware,Wannacry
Ransomware-WannaCry-2.raw,0.1499495132586777,0.6762312035230149,Ransomware,Wannacry
Benign,0.2472881267951731,0.0430705601415865,Benign,Benign
Benign,0.2098015575034729,0.6392283385214345,Benign,Benign
Trojan-Emotet-3.raw,0.3109166079318717,0.8379201369534178,Trojan,Emotet
Spyware-TIBS-4.raw,0.6574184128778515,0.2939276928056182,Spyware,Tibs
Benign,0.1317866233580691,0.679189510678054,Benign,Benign
Trojan-Emotet-3.raw,0.2526846759337676,0.6447285123342952,Trojan,Emotet
Benign,0.2226235235729726,0.5142519674265364,Benign,Benign
Spyware-Zeus-1.raw,0.2822504034799437,0.2597993072631357,Spyware,Zeus
Spyware-Zeus-1.raw,0.1397003644013176,0.9496071421243536,Spyware,Zeus
Spyware-Zeus-1.raw,0.6776773531783454,0.4454442053228744,Spyware,Zeus
Ransomware-WannaCry-2.raw,0.0942085229119642,0.4313695072540767,Ransomware,Wannacry
Spyware-Zeus-1.raw,0.3350300631481042,0.0269990995060889,Spyware,Zeus
Spyware-TIBS-4.raw,0.6009530471905646,0.1206562159094343,Spyware,Tibs
Trojan-Emotet-3.raw,0.171694115557467,0.2735378408038189,Trojan,Emotet
Trojan-Emotet-3.raw,0.4526682873446278,0.6047408274800189,Trojan,Emotet
Spyware-Zeus-1.raw,0.4045516757958651,0.6836736548943467,Spyware,Zeus
Spyware-Zeus-1.raw,0.8235251773088924,0.8443977442248636,Spyware,Zeus
Trojan-Emotet-3.raw,0.6879161788037974,0.405449634019158,Trojan,Emotet
Benign,0.9449645798253852,0.5700611120743702,Benign,Benign
Ransomware-WannaCry-2.raw,0.0773645549427114,0.7695038385305548,Ransomware,Wannacry
Trojan-Emotet-3.raw,0.9463360913332124,0.2464966717676967,Trojan,Emotet
Ransomware-WannaCry-2.raw,0.760992799947014,0.9803792932589674,Ransomware,Wannacry
Spyware-Zeus-1.raw,0.1957974568461093,0.5810362876784386,Spyware,Zeus
Benign,0.3394757838773898,0.4868440792087275,Benign,Benign
Benign,0.484035578124197,0.913533057232006,Benign,Benign
Benign,0.4717740498019808,0.7205530787668408,Benign,Benign
Trojan-Emotet-3.raw,0.1040449281882145,0.4528984237580924,Trojan,Emotet
Ransomware-WannaCry-2.raw,0.9702870377757206,0.4681258856628233,Ransomware,Wannacry
Spyware-TIBS-4.raw,0.5523381502013754,0.9938779373291188,Spyware,Tibs
Spyware-Zeus-1.raw,0.1087482835133885,0.1277592177378688,Spyware,Zeus
Ransomware-WannaCry-2.raw,0.4991672932505649,0.3187890102015831,Ransomware,Wannacry
Spyware-Zeus-1.raw,0.3158329206872373,0.6439351905209684,Spyware,Zeus
Spyware-TIBS-4.raw,0.4688333503638717,0.0136502461863527,Spyware,Tibs
Spyware-TIBS-4.raw,0.7945777784700663,0.9054324203782976,Spyware,Tibs
Spyware-Zeus-1.raw,0.1577224202156566,0.0093037041906496,Spyware,Zeus
Spyware-TIBS-4.raw,0.455972634181168,0.7389978614446152,Spyware,Tibs
Ransomware-WannaCry-2.raw,0.9853701696118464,0.0373900472552991,Ransomware,Wannacry
Ransomware-WannaCry-2.raw,0.2672007659557892,0.5799994438874547,Ransomware,Wannacry
Ransomware-WannaCry-2.raw,0.5356265125407341,0.1134538911496781,Ransomware,Wannacry
Ransomware-WannaCry-2.raw,0.7512093048722299,0.5201537609207162,Ransomware,Wannacry
Spyware-Zeus-1.raw,0.1052902497678376,0.4843201532361164,Spyware,Zeus
Spyware-Zeus-1.raw,0.3911250038616751,0.2023848990566392,Spyware,Zeus
Spyware-TIBS-4.raw,0.7543580832780689,0.9383409228137712,Spyware,Tibs
Spyware-TIBS-4.raw,0.4202487822432695,0.665372418087702,Spyware,Tibs
Trojan-Emotet-3.raw,0.1982335255791552,0.5822397605118299,Trojan,Emotet
Ransomware-WannaCry-2.raw,0.6158244827523132,0.0982076059237473,Ransomware,Wannacry
Trojan-Emotet-3.raw,0.3755544014494815,0.0955377695623335,Trojan,Emotet
Trojan-Emotet-3.raw,0.663716154497274,0.7705240033543614,Trojan,Emotet
Spyware-TIBS-4.raw,0.1634147618904963,0.1505141735168114,Spyware,Tibs
Ransomware-WannaCry-2.raw,0.2257563850512292,0.6527627110848646,Ransomware,Wannacry
Trojan-Emotet-3.raw,0.2030793092394387,0.5381883351645492,Trojan,Emotet
Spyware-TIBS-4.raw,0.5503481102442169,0.9264698992229884,Spyware,Tibs
Spyware-Zeus-1.raw,0.2245585500669952,0.373714233811543,Spyware,Zeus
Spyware-Zeus-1.raw,0.4674486564907496,0.6923880408588917,Spyware,Zeus
Spyware-TIBS-4.raw,0.0751168361702511,0.4438738146269229,Spyware,Tibs
Ransomware-WannaCry-2.raw,0.1929721662539626,0.2821154374160283,Ransomware,Wannacry
Ransomware-WannaCry-2.raw,0.2301044075708079,0.0932907555229327,Ransomware,Wannacry
Spyware-Zeus-1.raw,0.8506141232630637,0.1817381288252819,Spyware,Zeus
Ransomware-WannaCry-2.raw,0.6405146598523116,0.2273032589578769,Ransomware,Wannacry
Benign,0.0108089927374485,0.8822190832741491,Benign,Benign
Spyware-Zeus-1.raw,0.9010952238271164,0.3579016894668284,Spyware,Zeus
Ransomware-WannaCry-2.raw,0.5641627265079838,0.3595704902133998,Ransomware,Wannacry
Trojan-Emotet-3.raw,0.1198214711271949,0.5037792760657518,Trojan,Emotet
Ransomware-WannaCry-2.raw,0.2689358174441171,0.7504876338020946,Ransomware,Wannacry
Spyware-Zeus-1.raw,0.4109446072376131,0.7261965573011646,Spyware,Zeus
Ransomware-WannaCry-2.raw,0.4676526235289555,0.7212593193558653,Ransomware,Wannacry
Spyware-Zeus-1.raw,0.6230800458599643,0.2425015304126764,Spyware,Zeus
Spyware-TIBS-4.raw,0.20475814567304,0.5973595785109095,Spyware,Tibs
Ransomware-WannaCry-2.raw,0.6842219723008133,0.6224504738465286,Ransomware,Wannacry
Ransomware-WannaCry-2.raw,0.1860713424615855,0.606227950998653,Ransomware,Wannacry
Benign,0.3220617566941991,0.09207475782632,Benign,Benign
Spyware-Zeus-1.raw,0.0541978853588355,0.9187703632833826,Spyware,Zeus
Ransomware-WannaCry-2.raw,0.135991604593584,0.3298992243643306,Ransomware,Wannacry
Spyware-Zeus-1.raw,0.4962160812622256,0.7515998280590825,Spyware,Zeus
Spyware-TIBS-4.raw,0.7445027358672038,0.7191933506670931,Spyware,Tibs
Benign,0.5956635058369836,0.8100849552797017,Benign,Benign
Spyware-Zeus-1.raw,0.4115023594285071,0.7979465175563731,Spyware,Zeus
Spyware-Zeus-1.raw,0.0215433525819178,0.7871112468823809,Spyware,Zeus
Benign,0.2337942444674916,0.9116961848512152,Benign,Benign
Benign,0.6415119679081814,0.5471437817462258,Benign,Benign
Ransomware-WannaCry-2.raw,0.1853462596735243,0.8347816161856997,Ransomware,Wannacry
Benign,0.9965135178581854,0.8228183315880006,Benign,Benign
Benign,0.1086834819050478,0.5890365638441967,Benign,Benign
Trojan-Emotet-3.raw,0.3053377806592446,0.2052829364221423,Trojan,Emotet
Ransomware-WannaCry-2.raw,0.9885394679859996,0.0612337514725025,Ransomware,Wannacry
Spyware-Zeus-1.raw,0.4054440641974487,0.6759548430488961,Spyware,Zeus
Spyware-Zeus-1.raw,0.9084010000819758,0.8407606190763867,Spyware,Zeus
Spyware-Zeus-1.raw,0.1497739360646706,0.6772601999530035,Spyware,Zeus
Benign,0.3265321531359344,0.6838119492226986,Benign,Benign
Trojan-Emotet-3.raw,0.4006910165011189,0.8062264714787706,Trojan,Emotet
Spyware-Zeus-1.raw,0.8512844661337757,0.6652627097935738,Spyware,Zeus
Benign,0.966850084578182,0.3475835159266452,Benign,Benign
Spyware-Zeus-1.raw,0.8271781199211911,0.3131372032232294,Spyware,Zeus
Spyware-Zeus-1.raw,0.7524400576789477,0.2729358760511141,Spyware,Zeus
Benign,0.4437127449079813,0.1604734342052315,Benign,Benign
Benign,0.0631793672479504,0.23444665489715,Benign,Benign
Ransomware-WannaCry-2.raw,0.406145998503759,0.647009801965519,Ransomware,Wannacry
Trojan-Emotet-3.raw,0.7436621407887487,0.7341511331405061,Trojan,Emotet
Ransomware-WannaCry-2.raw,0.578062345663657,0.1231923182002852,Ransomware,Wannacry
Trojan-Emotet-3.raw,0.3832182613418959,0.960122828940492,Trojan,Emotet
Ransomware-WannaCry-2.raw,0.7404241560013799,0.3209697105497802,Ransomware,Wannacry
Spyware-TIBS-4.raw,0.2262138496889569,0.4614434637929222,Spyware,Tibs
Spyware-Zeus-1.raw,0.787632822979979,0.5684736459801512,Spyware,Zeus
Benign,0.7330696384976048,0.6309373084952385,Benign,Benign
Benign,0.2003877040114876,0.051499764798824,Benign,Benign
Ransomware-WannaCry-2.raw,0.3284614654148913,0.5748887764948187,Ransomware,Wannacry
Spyware-Zeus-1.raw,0.3782049993967149,0.1590144792763349,Spyware,Zeus
Benign,0.6114628944995578,0.5949052538415605,Benign,Benign
Ransomware-WannaCry-2.raw,0.842934318359425,0.9224519219624112,Ransomware,Wannacry
Spyware-TIBS-4.raw,0.8193428235370137,0.1821404429677705,Spyware,Tibs
Ransomware-WannaCry-2.raw,0.0747892636617312,0.6861250619256228,Ransomware,Wannacry
Spyware-TIBS-4.raw,0.9201446615984514,0.2655150047854666,Spyware,Tibs
Ransomware-WannaCry-2.raw,0.90911469288028,0.8187417956682546,Ransomware,Wannacry
Benign,0.2841920758151991,0.6820164071118351,Benign,Benign
Ransomware-WannaCry-2.raw,0.5206376643197926,0.7777005874065336,Ransomware,Wannacry
Trojan-Emotet-3.raw,0.0088001967963339,0.1486170257326075,Trojan,Emotet
Benign,0.1742532492964453,0.4372064487744466,Benign,Benign
Trojan-Emotet-3.raw,0.538406609798408,0.0846651114589039,Trojan,Emotet
Ransomware-WannaCry-2.raw,0.992725480550524,0.0657706213872617,Ransomware,Wannacry
Benign,0.3345154502589427,0.4540043611307265,Benign,Benign
Benign,0.8320713987400106,0.3133433541848853,Benign,Benign
Spyware-Zeus-1.raw,0.5358919389556942,0.5962450124638116,Spyware,Zeus
Spyware-TIBS-4.raw,0.1168042573029805,0.7549360920213661,Spyware,Tibs
Benign,0.2723755926518404,0.0190830667551883,Benign,Benign
Ransomware-WannaCry-2.raw,0.4594546987624253,0.759799771733806,Ransomware,Wannacry
Benign,0.725254065462046,0.4493990584035083,Benign,Benign
Spyware-TIBS-4.raw,0.5911934014811532,0.4309976385315663,Spyware,Tibs
Ransomware-WannaCry-2.raw,0.3559606395246149,0.5709033732608402,Ransomware,Wannacry
Benign,0.8987227967769663,0.4464621595740119,Benign,Benign
Trojan-Emotet-3.raw,0.5110608960332582,0.3184623816439335,Trojan,Emotet
Spyware-Zeus-1.raw,0.3455196719766946,0.0559948629252371,Spyware,Zeus
Benign,0.3495895189266814,0.122199243173072,Benign,Benign
Ransomware-WannaCry-2.raw,0.8523211582681007,0.9649894833943627,Ransomware,Wannacry
Benign,0.1575336260755925,0.2836160620630044,Benign,Benign
Spyware-Zeus-1.raw,0.3679011085389552,0.8244868608319654,Spyware,Zeus
Benign,0.1987290894595299,0.8853945863910196,Benign,Benign
Spyware-TIBS-4.raw,0.9059316895830316,0.257076183431644,Spyware,Tibs
Spyware-Zeus-1.raw,0.1182646594088273,0.4108346184308277,Spyware,Zeus
Ransomware-WannaCry-2.raw,0.19959661251327,0.1157487217014263,Ransomware,Wannacry
Spyware-Zeus-1.raw,0.6938461887254871,0.1405309967203768,Spyware,Zeus
Ransomware-WannaCry-2.raw,0.794684841704024,0.8024436770885829,Ransomware,Wannacry
Ransomware-WannaCry-2.raw,0.7310720066824706,0.9732294026739268,Ransomware,Wannacry
Ransomware-WannaCry-2.raw,0.7452897214772451,0.4926427468490426,Ransomware,Wannacry
Ransomware-WannaCry-2.raw,0.1865004736314178,0.9342589678734632,Ransomware,Wannacry
Benign,0.919328691429912,0.2122674601432528,Benign,Benign
Spyware-Zeus-1.raw,0.6175302378318511,0.2631232605581626,Spyware,Zeus
Trojan-Emotet-3.raw,0.5027889014874211,0.3929244996496198,Trojan,Emotet
Trojan-Emotet-3.raw,0.6266733696541841,0.4142003587439639,Trojan,Emotet
Spyware-Zeus-1.raw,0.6240380750011136,0.243450958780186,Spyware,Zeus
Trojan-Emotet-3.raw,0.7898945329083477,0.5574139911440247,Trojan,Emotet
Trojan-Emotet-3.raw,0.1788164786977688,0.298999308432719,Trojan,Emotet
Ransomware-WannaCry-2.raw,0.4075999543998522,0.967085122292646,Ransomware,Wannacry
Ransomware-WannaCry-2.raw,0.5405713988974238,0.3894025905890075,Ransomware,Wannacry
Spyware-TIBS-4.raw,0.5944396296366904,0.1561462227180324,Spyware,Tibs
Spyware-TIBS-4.raw,0.377673321406881,0.8956105098450372,Spyware,Tibs
Ransomware-WannaCry-2.raw,0.4742783518048707,0.181056647458295,Ransomware,Wannacry
Benign,0.9089508886306488,0.3911281392927984,Benign,Benign
Trojan-Emotet-3.raw,0.5302272675942666,0.0020024107232762,Trojan,Emotet
Trojan-Emotet-3.raw,0.0330073756694603,0.998916940576286,Trojan,Emotet
Trojan-Emotet-3.raw,0.5467038859123604,0.8694872381046537,Trojan,Emotet
Trojan-Emotet-3.raw,0.5635282940669836,0.9972442123777696,Trojan,Emotet
Trojan-Emotet-3.raw,0.372154733488452,0.9469908587147832,Trojan,Emotet
Benign,0.942132157260934,0.9916386875480504,Benign,Benign
Ransomware-WannaCry-2.raw,0.3435953039499025,0.1932799079432998,Ransomware,Wannacry
Ransomware-WannaCry-2.raw,0.1004604424452517,0.2588454579175098,Ransomware,Wannacry
Spyware-Zeus-1.raw,0.7597146575313476,0.6812374841861042,Spyware,Zeus
Trojan-Emotet-3.raw,0.4428902323668393,0.607354310966798,Trojan,Emotet
Trojan-Emotet-3.raw,0.0504796026656532,0.6667006053873327,Trojan,Emotet
Trojan-Emotet-3.raw,0.2139901924738197,0.954448029352444,Trojan,Emotet
Spyware-Zeus-1.raw,0.3696299821896731,0.8064302336382411,Spyware,Zeus
Spyware-Zeus-1.raw,0.8345481436233574,0.0453266098361492,Spyware,Zeus
Benign,0.2307966431339339,0.5870407952312213,Benign,Benign
Spyware-TIBS-4.raw,0.630870525651917,0.747172648099025,Spyware,Tibs
Trojan-Emotet-3.raw,0.8134068581203072,0.9538797363579176,Trojan,Emotet
Spyware-Zeus-1.raw,0.3715889757458874,0.4265948103114315,Spyware,Zeus
Spyware-Zeus-1.raw,0.4953514635295647,0.4352586290611493,Spyware,Zeus
Benign,0.7601691073718565,0.615806145282819,Benign,Benign
Spyware-TIBS-4.raw,0.25187221387637,0.0752538100519216,Spyware,Tibs
Benign,0.186353220454838,0.5064686461207554,Benign,Benign
Spyware-TIBS-4.raw,0.150354002674814,0.5542216387639266,Spyware,Tibs
Trojan-Emotet-3.raw,0.3286938869305765,0.9984830244518832,Trojan,Emotet
Trojan-Emotet-3.raw,0.8694333343032215,0.018529660699512,Trojan,Emotet
Trojan-Emotet-3.raw,0.2737244097251007,0.4732832335832391,Trojan,Emotet
Benign,0.6981432569786686,0.2235363673939022,Benign,Benign
Ransomware-WannaCry-2.raw,0.0951255806907814,0.4944542835005279,Ransomware,Wannacry
Spyware-Zeus-1.raw,0.2543309464972525,0.034519914585915,Spyware,Zeus
Spyware-TIBS-4.raw,0.1068356114734933,0.998115581323703,Spyware,Tibs
Ransomware-WannaCry-2.raw,0.0075856868875957,0.3696893906324676,Ransomware,Wannacry
Trojan-Emotet-3.raw,0.7133460055429497,0.9158600038005176,Trojan,Emotet
Spyware-TIBS-4.raw,0.091745817300312,0.2409516358202167,Spyware,Tibs
Spyware-Zeus-1.raw,0.3729398821276696,0.406602410293977,Spyware,Zeus
Trojan-Emotet-3.raw,0.0165870832269062,0.9480706439968812,Trojan,Emotet
Spyware-TIBS-4.raw,0.2641069433240693,0.6423249814071132,Spyware,Tibs
Benign,0.6661489975084529,0.5812301130043195,Benign,Benign
Ransomware-WannaCry-2.raw,0.5229612246673428,0.7137454670479315,Ransomware,Wannacry
Trojan-Emotet-3.raw,0.7690289674695586,0.1215066595235853,Trojan,Emotet
Benign,0.0837003685973623,0.4292364171370555,Benign,Benign
Spyware-Zeus-1.raw,0.5704086704922866,0.0841754963501554,Spyware,Zeus
Spyware-TIBS-4.raw,0.0323892294078803,0.4094945804651987,Spyware,Tibs
Ransomware-WannaCry-2.raw,0.6396264983565324,0.948089397709732,Ransomware,Wannacry
Ransomware-WannaCry-2.raw,0.2930609683757538,0.7699775882648934,Ransomware,Wannacry
Spyware-TIBS-4.raw,0.6868756529358766,0.7711352117655812,Spyware,Tibs
Trojan-Emotet-3.raw,0.8199282090642954,0.7731224642005551,Trojan,Emotet
Ransomware-WannaCry-2.raw,0.9230358060187264,0.9105778565746576,Ransomware,Wannacry
Trojan-Emotet-3.raw,0.4407933491453136,0.9489082588222092,Trojan,Emotet
Trojan-Emotet-3.raw,0.1293954449676992,0.3322884707522767,Trojan,Emotet
Benign,0.600310386491483,0.251915556927507,Benign,Benign
Benign,0.1236505628184393,0.0196288637053093,Benign,Benign
Spyware-TIBS-4.raw,0.964281857013932,0.2927816936881354,Spyware,Tibs
Benign,0.5961230142169333,0.9805122983904868,Benign,Benign
Ransomware-WannaCry-2.raw,0.559278812597408,0.849037251378067,Ransomware,Wannacry
Spyware-TIBS-4.raw,0.961653265407692,0.0343790659266297,Spyware,Tibs
Spyware-TIBS-4.raw,0.8089182677670462,0.8133882749770258,Spyware,Tibs
Spyware-TIBS-4.raw,0.5309422876657317,0.4844557081818001,Spyware,Tibs
Spyware-Zeus-1.raw,0.9373692152838888,0.6605314516039844,Spyware,Zeus
Ransomware-WannaCry-2.raw,0.5939673729647748,0.7705558537177895,Ransomware,Wannacry
Ransomware-WannaCry-2.raw,0.6846596120266384,0.1577194062795394,Ransomware,Wannacry
Spyware-Zeus-1.raw,0.3772162348769493,0.1982104876674885,Spyware,Zeus
Ransomware-WannaCry-2.raw,0.1144543611015932,0.0299394472404003,Ransomware,Wannacry
Ransomware-WannaCry-2.raw,0.4056025639275626,0.9980823802859008,Ransomware,Wannacry
Benign,0.2448044350939988,0.7890570155871892,Benign,Benign
Spyware-TIBS-4.raw,0.5164028589249205,0.3703896627673863,Spyware,Tibs
Ransomware-WannaCry-2.raw,0.9206341223670436,0.8759005657465417,Ransomware,Wannacry
Spyware-TIBS-4.raw,0.200543485199015,0.4343081462225808,Spyware,Tibs
Ransomware-WannaCry-2.raw,0.2833475708006505,0.0627253662533182,Ransomware,Wannacry
Trojan-Emotet-3.raw,0.1096837246091808,0.7987386942419953,Trojan,Emotet
Spyware-TIBS-4.raw,0.9106328315817452,0.2117155172742723,Spyware,Tibs
Benign,0.6156972769754767,0.0738746668688554,Benign,Benign
Ransomware-WannaCry-2.raw,0.4997092632708304,0.0483441338521409,Ransomware,Wannacry
Ransomware-WannaCry-2.raw,0.1134704035296692,0.4984066671771708,Ransomware,Wannacry
Trojan-Emotet-3.raw,0.6486551014697897,0.2362704487918047,Trojan,Emotet
Ransomware-WannaCry-2.raw,0.4229155847909366,0.58286229218524,Ransomware,Wannacry
Trojan-Emotet-3.raw,0.4774262900117555,0.1540227308865462,Trojan,Emotet
Benign,0.3282250071029078,0.8252796937233812,Benign,Benign
Benign,0.9183417038760084,0.4276618484735252,Benign,Benign
Trojan-Emotet-3.raw,0.922996848487598,0.5901477416525769,Trojan,Emotet
Spyware-Zeus-1.raw,0.1346969309918451,0.3741337790543211,Spyware,Zeus
Spyware-TIBS-4.raw,0.8219155969520658,0.5832365443669819,Spyware,Tibs
Spyware-Zeus-1.raw,0.813692881944061,0.7201416689461586,Spyware,Zeus
Spyware-TIBS-4.raw,0.435344971121112,0.8310402524098477,Spyware,Tibs
Spyware-TIBS-4.raw,0.0227553759782856,0.5791284141395922,Spyware,Tibs
Spyware-Zeus-1.raw,0.5338011093687208,0.8645253512120028,Spyware,Zeus
Spyware-Zeus-1.raw,0.4832606242711165,0.3281747921139238,Spyware,Zeus
Trojan-Emotet-3.raw,0.5305009188537533,0.0959414308110346,Trojan,Emotet
Ransomware-WannaCry-2.raw,0.2517561414180921,0.7005003345837757,Ransomware,Wannacry
Trojan-Emotet-3.raw,0.601159494701352,0.2230766816986852,Trojan,Emotet
Trojan-Emotet-3.raw,0.1816718179411871,0.5123114549771659,Trojan,Emotet
Benign,0.0674146454840662,0.279463678937924,Benign,Benign
Spyware-TIBS-4.raw,0.0052280875810306,0.7116241291327983,Spyware,Tibs
Benign,0.7579422235414311,0.4420169456629094,Benign,Benign
Benign,0.4795761255333157,0.5094030360482472,Benign,Benign
Spyware-Zeus-1.raw,0.3837306199726998,0.4080495116049975,Spyware,Zeus
Trojan-Emotet-3.raw,0.250533665762141,0.2993741656789539,Trojan,Emotet
Spyware-Zeus-1.raw,0.8267298554536339,0.1268807769346904,Spyware,Zeus
Trojan-Emotet-3.raw,0.8525267597766333,0.0937481785888671,Trojan,Emotet
Ransomware-WannaCry-2.raw,0.662321615359217,0.2477304855761446,Ransomware,Wannacry
Benign,0.1320706720731996,0.5176705252863423,Benign,Benign
Ransomware-WannaCry-2.raw,0.468467184878152,0.2747619941220324,Ransomware,Wannacry
Benign,0.7179721574569787,0.995995109119025,Benign,Benign
Spyware-TIBS-4.raw,0.7271762250527893,0.0233185642715935,Spyware,Tibs
Spyware-Zeus-1.raw,0.4088530640675972,0.823287428095346,Spyware,Zeus
Ransomware-WannaCry-2.raw,0.0375025188991614,0.5517914554639527,Ransomware,Wannacry
Benign,0.3021743546671956,0.5568948114264288,Benign,Benign
Spyware-Zeus-1.raw,0.4274564902794139,0.9950833196392675,Spyware,Zeus
Ransomware-WannaCry-2.raw,0.8231442481511823,0.9444155609526655,Ransomware,Wannacry
Ransomware-WannaCry-2.raw,0.8316929266575317,0.6108665053003349,Ransomware,Wannacry
Spyware-Zeus-1.raw,0.5284793722610073,0.3715727001652964,Spyware,Zeus
Trojan-Emotet-3.raw,0.9254200448466556,0.6226065629635685,Trojan,Emotet
Benign,0.7977822523603059,0.2596519639353509,Benign,Benign
Trojan-Emotet-3.raw,0.0536092536148226,0.6867941711968025,Trojan,Emotet
Ransomware-WannaCry-2.raw,0.0639709759750916,0.2804445063265799,Ransomware,Wannacry
Spyware-TIBS-4.raw,0.6467061048860752,0.6504596877581262,Spyware,Tibs
Spyware-Zeus-1.raw,0.6048350259644508,0.7412710775661331,Spyware,Zeus
Benign,0.5997194874013578,0.8400432367202975,Benign,Benign
Spyware-Zeus-1.raw,0.1474433890169321,0.5792096504810046,Spyware,Zeus
Spyware-Zeus-1.raw,0.7430014754773642,0.9554300965540944,Spyware,Zeus
Spyware-Zeus-1.raw,0.0799510029357882,0.0972137170044324,Spyware,Zeus
Benign,0.4511532380980688,0.5762274591920943,Benign,Benign
Benign,0.2490025516357528,0.5233803417219642,Benign,Benign
Spyware-TIBS-4.raw,0.2836158256787803,0.016179242001508,Spyware,Tibs
Ransomware-WannaCry-2.raw,0.4747583865868781,0.1940643158633322,Ransomware,Wannacry
Ransomware-WannaCry-2.raw,0.8011638114556693,0.7774693090693754,Ransomware,Wannacry
Benign,0.5386323332762933,0.3200002147628709,Benign,Benign
Spyware-TIBS-4.raw,0.2023562065831954,0.6683030069637803,Spyware,Tibs
Ransomware-WannaCry-2.raw,0.1380707184126506,0.7418566727022474,Ransomware,Wannacry
Ransomware-WannaCry-2.raw,0.8098041615191075,0.6036001069556701,Ransomware,Wannacry
Trojan-Emotet-3.raw,0.8104488148823332,0.7410602952926978,Trojan,Emotet
Trojan-Emotet-3.raw,0.3468034677173439,0.9318310048240712,Trojan,Emotet
Trojan-Emotet-3.raw,0.9736762635571804,0.4535908650274586,Trojan,Emotet
Benign,0.9869045940568202,0.8716074831828515,Benign,Benign
Benign,0.6800550874202346,0.7063749639969866,Benign,Benign
Trojan-Emotet-3.raw,0.6325886923301737,0.4521134721571576,Trojan,Emotet
Spyware-TIBS-4.raw,0.941991036308086,0.3749178080617829,Spyware,Tibs
Spyware-Zeus-1.raw,0.9761255036537168,0.1557520681740718,Spyware,Zeus
Spyware-TIBS-4.raw,0.3541971672092276,0.117729486988664,Spyware,Tibs
Ransomware-WannaCry-2.raw,0.4852868482860291,0.7842435426287762,Ransomware,Wannacry
Trojan-Emotet-3.raw,0.5897951236318338,0.0976196761957874,Trojan,Emotet
Spyware-TIBS-4.raw,0.0199949300644163,0.1382413238954625,Spyware,Tibs
Ransomware-WannaCry-2.raw,0.4409309005411319,0.3146120408340835,Ransomware,Wannacry
Trojan-Emotet-3.raw,0.4846707332874519,0.3873136379776177,Trojan,Emotet
Benign,0.1758616442202683,0.0028963212222187,Benign,Benign
Spyware-TIBS-4.raw,0.0565040797836911,0.7563195893557486,Spyware,Tibs
Spyware-TIBS-4.raw,0.6260347341509429,0.1835481338187587,Spyware,Tibs
Spyware-Zeus-1.raw,0.7480320967007742,0.9096393921975888,Spyware,Zeus
Trojan-Emotet-3.raw,0.6144061830568494,0.8743126462136999,Trojan,Emotet
Spyware-Zeus-1.raw,0.8916472879072165,0.3812562643143826,Spyware,Zeus
Benign,0.875238157107496,0.22607655184959,Benign,Benign
Ransomware-WannaCry-2.raw,0.1083269537450731,0.4350308002374284,Ransomware,Wannacry
Spyware-TIBS-4.raw,0.9707459517805735,0.3399456476900615,Spyware,Tibs
Spyware-Zeus-1.raw,0.2401270494140369,0.5529751788954884,Spyware,Zeus
Spyware-Zeus-1.raw,0.8405064143182565,0.5383545876530564,Spyware,Zeus
Trojan-Emotet-3.raw,0.3091581452422398,0.2116268725738086,Trojan,Emotet
Ransomware-WannaCry-2.raw,0.4242149045320381,0.1046359134818073,Ransomware,Wannacry
Spyware-Zeus-1.raw,0.9703072291007356,0.2866269790995956,Spyware,Zeus
Spyware-Zeus-1.raw,0.5989348295693859,0.8507651770409624,Spyware,Zeus
Benign,0.1496655247453211,0.2834482664986738,Benign,Benign
Trojan-Emotet-3.raw,0.9197083860024914,0.4540883399694214,Trojan,Emotet
Trojan-Emotet-3.raw,0.5648624546996579,0.3836376325885586,Trojan,Emotet
Benign,0.0462723194655438,0.2071118917003461,Benign,Benign
Spyware-TIBS-4.raw,0.0173154136271229,0.950425811383066,Spyware,Tibs
Ransomware-WannaCry-2.raw,0.3175562974941579,0.47074808431174,Ransomware,Wannacry
Ransomware-WannaCry-2.raw,0.3699227640007647,0.7899053541620696,Ransomware,Wannacry
Spyware-TIBS-4.raw,0.9978642240937668,0.8893973396084635,Spyware,Tibs
Benign,0.1757708709199844,0.8089320308871756,Benign,Benign
Benign,0.9421613201846782,0.3832752652675325,Benign,Benign
Spyware-TIBS-4.raw,0.5573407658128187,0.3681085208058339,Spyware,Tibs
Trojan-Emotet-3.raw,0.2915753003933164,0.5997116956352169,Trojan,Emotet
Spyware-Zeus-1.raw,0.3624593693733289,0.1438831670483363,Spyware,Zeus
Spyware-Zeus-1.raw,0.3670199023417178,0.114061512904144,Spyware,Zeus
Trojan-Emotet-3.raw,0.9278773155926388,0.8448971975347743,Trojan,Emotet
Benign,0.9993950170960896,0.7398957489747987,Benign,Benign
Ransomware-WannaCry-2.raw,0.2561952830221818,0.1924827991004812,Ransomware,Wannacry
Ransomware-WannaCry-2.raw,0.2162234614120785,0.2585547037620135,Ransomware,Wannacry
Spyware-TIBS-4.raw,0.6175279087097313,0.1236981035846394,Spyware,Tibs
Benign,0.4895085951183812,0.2661969838052592,Benign,Benign
Benign,0.0386225906990909,0.9312659985027936,Benign,Benign
Trojan-Emotet-3.raw,0.0499999749134006,0.0726439650367027,Trojan,Emotet
Spyware-TIBS-4.raw,0.935851161531774,0.1553996747020004,Spyware,Tibs
Spyware-TIBS-4.raw,0.4781566368944808,0.3713263610523535,Spyware,Tibs
Trojan-Emotet-3.raw,0.0813424431741611,0.8266006228631317,Trojan,Emotet
Spyware-TIBS-4.raw,0.1839287305302428,0.558045841221464,Spyware,Tibs
Spyware-TIBS-4.raw,0.1339568096353397,0.8902600302966093,Spyware,Tibs
Ransomware-WannaCry-2.raw,0.9986472249132956,0.90043049654091,Ransomware,Wannacry
Benign,0.4026773538579127,0.0134473455719893,Benign,Benign
Benign,0.5678172598452629,0.9697104391670356,Benign,Benign
Ransomware-WannaCry-2.raw,0.5611477159924315,0.481893942540779,Ransomware,Wannacry
Spyware-Zeus-1.raw,0.3988073161162891,0.6786678572702136,Spyware,Zeus
Ransomware-WannaCry-2.raw,0.353209220989886,0.2402040764870936,Ransomware,Wannacry
Spyware-TIBS-4.raw,0.9441079892091626,0.3541869674130068,Spyware,Tibs
Trojan-Emotet-3.raw,0.6595765258442198,0.7639359637354166,Trojan,Emotet
Ransomware-WannaCry-2.raw,0.5798739670102219,0.4942379359039361,Ransomware,Wannacry
Spyware-Zeus-1.raw,0.5258992359610716,0.3281138290469988,Spyware,Zeus
Spyware-TIBS-4.raw,0.397457979426793,0.2257980255741123,Spyware,Tibs
Trojan-Emotet-3.raw,0.1575386594426595,0.4144074326346287,Trojan,Emotet
Spyware-TIBS-4.raw,0.013892975365181,0.604162024627316,Spyware,Tibs
Benign,0.8860153292827448,0.2484227974190339,Benign,Benign
Spyware-Zeus-1.raw,0.2852690754711967,0.1675951878160627,Spyware,Zeus
Spyware-Zeus-1.raw,0.453611351874126,0.175586697725613,Spyware,Zeus
Spyware-TIBS-4.raw,0.4174097226894814,0.2886912980052359,Spyware,Tibs
Benign,0.8454797102520141,0.5441786537386936,Benign,Benign
Ransomware-WannaCry-2.raw,0.8725094304340849,0.3309831629793049,Ransomware,Wannacry
Spyware-TIBS-4.raw,0.3661199138151219,0.5632371498026997,Spyware,Tibs
Trojan-Emotet-3.raw,0.2321036317987813,0.2039098172684007,Trojan,Emotet
Spyware-TIBS-4.raw,0.4182511634946189,0.907032041531194,Spyware,Tibs
Benign,0.3880073245161924,0.0024376008922791,Benign,Benign
Ransomware-WannaCry-2.raw,0.8603428608828496,0.3778353383359045,Ransomware,Wannacry
Ransomware-WannaCry-2.raw,0.8394679490011573,0.1931786853063352,Ransomware,Wannacry
Ransomware-WannaCry-2.raw,0.1946050629552959,0.7890104803098155,Ransomware,Wannacry
Ransomware-WannaCry-2.raw,0.183000183467585,0.0632547886758299,Ransomware,Wannacry
Ransomware-WannaCry-2.raw,0.4013100267493288,0.7635483104312616,Ransomware,Wannacry
Trojan-Emotet-3.raw,0.9691043183849668,0.59406902903465,Trojan,Emotet
Ransomware-WannaCry-2.raw,0.5717904450999414,0.957335285228905,Ransomware,Wannacry
Ransomware-WannaCry-2.raw,0.0667634249427899,0.9789803802760224,Ransomware,Wannacry
Benign,0.9536597077025968,0.418364113625276,Benign,Benign
Spyware-Zeus-1.raw,0.2273616376929794,0.1037450069914333,Spyware,Zeus
Benign,0.1100087654454393,0.1313500231704398,Benign,Benign
Spyware-Zeus-1.raw,0.0990556612832562,0.0029339723311779,Spyware,Zeus
Trojan-Emotet-3.raw,0.3200777858055322,0.8340190776351593,Trojan,Emotet
Trojan-Emotet-3.raw,0.1649972458467944,0.863947858017347,Trojan,Emotet
Ransomware-WannaCry-2.raw,0.5879098202229723,0.6811673895178227,Ransomware,Wannacry
Trojan-Emotet-3.raw,0.4454746373754057,0.0641768389079262,Trojan,Emotet
Trojan-Emotet-3.raw,0.6915614783493549,0.4454248736099125,Trojan,Emotet
Ransomware-WannaCry-2.raw,0.2953388698672029,0.9251620365292784,Ransomware,Wannacry
Spyware-TIBS-4.raw,0.6641041969864493,0.0720796759885031,Spyware,Tibs
Trojan-Emotet-3.raw,0.0349945450928012,0.4421432606805073,Trojan,Emotet
Spyware-TIBS-4.raw,0.8333227462087796,0.99978106781877,Spyware,Tibs
Spyware-TIBS-4.raw,0.9619334078143844,0.653279543590956,Spyware,Tibs
Ransomware-WannaCry-2.raw,0.5408743282370742,0.6199741054272137,Ransomware,Wannacry
Spyware-TIBS-4.raw,0.6647731116489207,0.4507884326164154,Spyware,Tibs
Ransomware-WannaCry-2.raw,0.6800786774008999,0.631505020998024,Ransomware,Wannacry
Benign,0.0264813162453574,0.3960530539244913,Benign,Benign
Ransomware-WannaCry-2.raw,0.3650317949651765,0.9181634268015488,Ransomware,Wannacry
Trojan-Emotet-3.raw,0.8293499485844824,0.9683948710267584,Trojan,Emotet
Spyware-Zeus-1.raw,0.717555386797776,0.4111976670032465,Spyware,Zeus
Spyware-TIBS-4.raw,0.681161935280752,0.2451328329064807,Spyware,Tibs
Trojan-Emotet-3.raw,0.8984299548340924,0.9882303240430184,Trojan,Emotet
Trojan-Emotet-3.raw,0.2469739378201141,0.7875974733502638,Trojan,Emotet
Benign,0.5842057447685689,0.6560510616456013,Benign,Benign
Benign,0.8897688291628467,0.841203514856077,Benign,Benign
Spyware-Zeus-1.raw,0.3950344365419564,0.1833032430704733,Spyware,Zeus
Spyware-Zeus-1.raw,0.0700587117146542,0.4578322155140356,Spyware,Zeus
Benign,0.2868464124943215,0.8574407484240939,Benign,Benign
Benign,0.3472124578248681,0.965330734011391,Benign,Benign
Spyware-TIBS-4.raw,0.8201856140177134,0.9435362161674278,Spyware,Tibs
Benign,0.3596394097645505,0.7429366175793491,Benign,Benign
Benign,0.831298987157081,0.8993409295442553,Benign,Benign
Spyware-TIBS-4.raw,0.0690768450206762,0.0090430663744105,Spyware,Tibs
Ransomware-WannaCry-2.raw,0.5215912958207377,0.3941171863164805,Ransomware,Wannacry
Trojan-Emotet-3.raw,0.0015350323812888,0.965427670526919,Trojan,Emotet
Ransomware-WannaCry-2.raw,0.6141234275240517,0.8426724703503178,Ransomware,Wannacry
Spyware-TIBS-4.raw,0.9758190990654252,0.4527099181858328,Spyware,Tibs
Benign,0.1063908902457562,0.045040310716899,Benign,Benign
Benign,0.773548723388785,0.1554103217127738,Benign,Benign
Ransomware-WannaCry-2.raw,0.3279113256936515,0.2403694208031616,Ransomware,Wannacry
Ransomware-WannaCry-2.raw,0.0411486333950534,0.1469021618670201,Ransomware,Wannacry
Spyware-Zeus-1.raw,0.9604464839247842,0.3232694821781694,Spyware,Zeus
Spyware-Zeus-1.raw,0.9894381066409876,0.0251001395520628,Spyware,Zeus
Spyware-TIBS-4.raw,0.4651680450648047,0.9781867095243304,Spyware,Tibs
Trojan-Emotet-3.raw,0.4625510539904545,0.7243414931708165,Trojan,Emotet
Trojan-Emotet-3.raw,0.3861741856428432,0.6723596988678232,Trojan,Emotet
Spyware-TIBS-4.raw,0.1601269696400371,0.3544866299748201,Spyware,Tibs
Ransomware-WannaCry-2.raw,0.6106264797286007,0.8501905846241151,Ransomware,Wannacry
Spyware-Zeus-1.raw,0.5915447218462956,0.7929999371629431,Spyware,Zeus
Ransomware-WannaCry-2.raw,0.6254004849316945,0.4239216085880707,Ransomware,Wannacry
Trojan-Emotet-3.raw,0.4684722232006172,0.5620265135314442,Trojan,Emotet
Ransomware-WannaCry-2.raw,0.4391026518834973,0.224192375144912,Ransomware,Wannacry
Ransomware-WannaCry-2.raw,0.6835367181887044,0.7422176973068052,Ransomware,Wannacry
Spyware-Zeus-1.raw,0.5459778287307127,0.6443753172253585,Spyware,Zeus
Benign,0.7904643028673138,0.9562749269774502,Benign,Benign
Spyware-Zeus-1.raw,0.6806809903552784,0.8068181497859168,Spyware,Zeus
Spyware-TIBS-4.raw,0.348016133708199,0.3341751310018461,Spyware,Tibs
Spyware-Zeus-1.raw,0.1548013390005458,0.6804920999057296,Spyware,Zeus
Ransomware-WannaCry-2.raw,0.202200759720982,0.733124296224249,Ransomware,Wannacry
Spyware-Zeus-1.raw,0.1708218843883003,0.1264539224963589,Spyware,Zeus
Spyware-TIBS-4.raw,0.5311797488435682,0.2560157934961123,Spyware,Tibs
Ransomware-WannaCry-2.raw,0.3642081909771454,0.5877980909199976,Ransomware,Wannacry
Benign,0.2701737128342543,0.741931429841398,Benign,Benign
Trojan-Emotet-3.raw,0.364889284100334,0.2684396753245669,Trojan,Emotet
Trojan-Emotet-3.raw,0.976520338004899,0.7039633477975703,Trojan,Emotet
Benign,0.8555123282926957,0.8734488546261703,Benign,Benign
Trojan-Emotet-3.raw,0.2256891050747106,0.0878516124980447,Trojan,Emotet
Spyware-TIBS-4.raw,0.7618137637324754,0.8162318062225928,Spyware,Tibs
Ransomware-WannaCry-2.raw,0.1301098805531868,0.9469702913790872,Ransomware,Wannacry
Ransomware-WannaCry-2.raw,0.3078789673487992,0.7246340314137841,Ransomware,Wannacry
Benign,0.5783017745788552,0.3196462946940956,Benign,Benign
Benign,0.4065901435191931,0.4890283215486823,Benign,Benign
Spyware-TIBS-4.raw,0.3903685269647878,0.5120082330641857,Spyware,Tibs
Ransomware-WannaCry-2.raw,0.1978070617734618,0.5520689796913574,Ransomware,Wannacry
Spyware-TIBS-4.raw,0.0188361821694144,0.4488999447201148,Spyware,Tibs
Spyware-TIBS-4.raw,0.654620932044825,0.9686466187898708,Spyware,Tibs
Spyware-Zeus-1.raw,0.3016451745122033,0.1884014341938779,Spyware,Zeus
Spyware-TIBS-4.raw,0.876549824009998,0.7375001940012911,Spyware,Tibs
Ransomware-WannaCry-2.raw,0.3454741632931569,0.6263096003693359,Ransomware,Wannacry
Spyware-TIBS-4.raw,0.3173669399676598,0.9598544345268464,Spyware,Tibs
Ransomware-WannaCry-2.raw,0.5552381631570892,0.7959755121650484,Ransomware,Wannacry
Spyware-TIBS-4.raw,0.6651555617615869,0.1806485164080464,Spyware,Tibs
Trojan-Emotet-3.raw,0.2701211575152501,0.087315443353295,Trojan,Emotet
Spyware-Zeus-1.raw,0.3941856378066836,0.2721736656025935,Spyware,Zeus
Ransomware-WannaCry-2.raw,0.8320083933479363,0.0167815016267139,Ransomware,Wannacry
Benign,0.8451503168721021,0.2190038622532699,Benign,Benign
Spyware-Zeus-1.raw,0.7951384651963814,0.3772355490819074,Spyware,Zeus
Spyware-Zeus-1.raw,0.1676716668394871,0.4445622111096917,Spyware,Zeus
Spyware-TIBS-4.raw,0.2152950735746804,0.5633125374141694,Spyware,Tibs
Benign,0.5585691510207921,0.7530376025930648,Benign,Benign
Trojan-Emotet-3.raw,0.4342962787485248,0.8179717679602625,Trojan,Emotet
Spyware-Zeus-1.raw,0.4390080424295146,0.6413403072714343,Spyware,Zeus
Spyware-TIBS-4.raw,0.0908510540730788,0.453988303450045,Spyware,Tibs
Ransomware-WannaCry-2.raw,0.7583012214395902,0.9760462456907582,Ransomware,Wannacry
Trojan-Emotet-3.raw,0.7904532018808749,0.5972140836354491,Trojan,Emotet
Spyware-TIBS-4.raw,0.0594437203357367,0.2975277792444456,Spyware,Tibs
Ransomware-WannaCry-2.raw,0.3885566758163019,0.7770023127155191,Ransomware,Wannacry
Spyware-Zeus-1.raw,0.0724943012124236,0.2968608626201584,Spyware,Zeus
Spyware-TIBS-4.raw,0.3964803821460103,0.94227732993605,Spyware,Tibs
Benign,0.1011791493178635,0.0338661851286375,Benign,Benign
Ransomware-WannaCry-2.raw,0.1109524917910363,0.971387536033054,Ransomware,Wannacry
Spyware-TIBS-4.raw,0.7964586931168312,0.4312005925985043,Spyware,Tibs
Spyware-Zeus-1.raw,0.1555807919009059,0.0069270310708497,Spyware,Zeus
Spyware-TIBS-4.raw,0.500583051077265,0.8351236025321298,Spyware,Tibs
Spyware-TIBS-4.raw,0.2540341430885039,0.820581127312645,Spyware,Tibs
Spyware-Zeus-1.raw,0.1636706392927579,0.2980019035412867,Spyware,Zeus
Ransomware-WannaCry-2.raw,0.8227996087924885,0.5686486516853828,Ransomware,Wannacry
Spyware-TIBS-4.raw,0.4828744812614276,0.3621814175261251,Spyware,Tibs
Benign,0.1683789815878846,0.0956761925810557,Benign,Benign
Trojan-Emotet-3.raw,0.9379447623357288,0.8793819122609151,Trojan,Emotet
Spyware-TIBS-4.raw,0.8976997789601113,0.8330163690338982,Spyware,Tibs
Benign,0.9024138204215244,0.1783999905102444,Benign,Benign
Spyware-Zeus-1.raw,0.985969772262,0.7550800924617663,Spyware,Zeus
Benign,0.955861085750387,0.1583397125490124,Benign,Benign
Spyware-TIBS-4.raw,0.5959768925911118,0.8933453401626139,Spyware,Tibs
Spyware-TIBS-4.raw,0.2896582160562551,0.2529366507758486,Spyware,Tibs
Trojan-Emotet-3.raw,0.0358957709316113,0.3692957962453693,Trojan,Emotet
Trojan-Emotet-3.raw,0.7440647968591365,0.3639537319896893,Trojan,Emotet
Spyware-Zeus-1.raw,0.7199584538707725,0.6579409755426423,Spyware,Zeus
Trojan-Emotet-3.raw,0.9845985250336712,0.5988271814897126,Trojan,Emotet
Spyware-Zeus-1.raw,0.2181150375621655,0.2340349877435752,Spyware,Zeus
Spyware-Zeus-1.raw,0.649431791663381,0.1515156081546157,Spyware,Zeus
Trojan-Emotet-3.raw,0.636893983616824,0.7291938749922339,Trojan,Emotet
Ransomware-WannaCry-2.raw,0.4486992244435992,0.0404248957494621,Ransomware,Wannacry
Ransomware-WannaCry-2.raw,0.5670484206160504,0.1278987407669276,Ransomware,Wannacry
Ransomware-WannaCry-2.raw,0.3065464962659084,0.4616197173399768,Ransomware,Wannacry
Spyware-Zeus-1.raw,0.4426640268383365,0.2512492657878252,Spyware,Zeus
Spyware-Zeus-1.raw,0.0060481908408975,0.4463499489911967,Spyware,Zeus
Ransomware-WannaCry-2.raw,0.8255819410725493,0.2942476844353163,Ransomware,Wannacry
Spyware-Zeus-1.raw,0.6681966977430128,0.0452506018108028,Spyware,Zeus
Ransomware-WannaCry-2.raw,0.5202954255614225,0.8610786953206155,Ransomware,Wannacry
Trojan-Emotet-3.raw,0.1719949552896176,0.4783143741989846,Trojan,Emotet
Benign,0.5614626521789887,0.6939288288104092,Benign,Benign
Spyware-TIBS-4.raw,0.9007215451875804,0.5388746546642125,Spyware,Tibs
Spyware-TIBS-4.raw,0.6441224722969716,0.4234095388114278,Spyware,Tibs
Ransomware-WannaCry-2.raw,0.6443845240567613,0.7767158246082099,Ransomware,Wannacry
Spyware-Zeus-1.raw,0.6180160572543245,0.0622233316051745,Spyware,Zeus
Spyware-TIBS-4.raw,0.2204500753861442,0.6890734337581593,Spyware,Tibs
Trojan-Emotet-3.raw,0.0429277827038795,0.040884127893718,Trojan,Emotet
Spyware-TIBS-4.raw,0.3786482499958593,0.0394338396127315,Spyware,Tibs
Spyware-Zeus-1.raw,0.2839668608871735,0.1032326702980157,Spyware,Zeus
Ransomware-WannaCry-2.raw,0.8518612421458682,0.9587628829326834,Ransomware,Wannacry
Spyware-Zeus-1.raw,0.9343665810418934,0.3576152011279214,Spyware,Zeus
Benign,0.1067831781748651,0.6962486544379526,Benign,Benign
Spyware-TIBS-4.raw,0.8099114737568208,0.7404963940947412,Spyware,Tibs
Spyware-TIBS-4.raw,0.9965843961248004,0.4242997921699262,Spyware,Tibs
Benign,0.9242956177931528,0.3227600097618929,Benign,Benign
Spyware-TIBS-4.raw,0.8619608746498708,0.839402657780008,Spyware,Tibs
Trojan-Emotet-3.raw,0.5540700934234591,0.4568743899014154,Trojan,Emotet
Trojan-Emotet-3.raw,0.8390722411231013,0.0086885430534832,Trojan,Emotet
Ransomware-WannaCry-2.raw,0.7309663797076845,0.5640896781510352,Ransomware,Wannacry
Benign,0.2164395187643202,0.9353560253180552,Benign,Benign
Trojan-Emotet-3.raw,0.0808603969127168,0.6996579328869682,Trojan,Emotet
Ransomware-WannaCry-2.raw,0.4803502665426056,0.3432585233031904,Ransomware,Wannacry
Benign,0.970649127116106,0.7835890650460329,Benign,Benign
Spyware-TIBS-4.raw,0.4710823141404676,0.6712926911024251,Spyware,Tibs
Spyware-TIBS-4.raw,0.3727724006561522,0.6438561411900576,Spyware,Tibs
Ransomware-WannaCry-2.raw,0.9550002312029168,0.6554662977440645,Ransomware,Wannacry
Ransomware-WannaCry-2.raw,0.6604683578376165,0.7906266758412684,Ransomware,Wannacry
Spyware-Zeus-1.raw,0.9843139795049396,0.5706020556858405,Spyware,Zeus
Ransomware-WannaCry-2.raw,0.8282426255799559,0.1706865966150974,Ransomware,Wannacry
Ransomware-WannaCry-2.raw,0.5881642738602979,0.4098508521552826,Ransomware,Wannacry
Ransomware-WannaCry-2.raw,0.4489572348730754,0.5635425893062652,Ransomware,Wannacry
Spyware-TIBS-4.raw,0.607909597268895,0.5651925403524088,Spyware,Tibs
Benign,0.9543225315488476,0.4716181833996955,Benign,Benign
Trojan-Emotet-3.raw,0.3054405963649131,0.8182981582391317,Trojan,Emotet
Trojan-Emotet-3.raw,0.9400506160334192,0.7024441112485431,Trojan,Emotet
Spyware-Zeus-1.raw,0.0050348836978866,0.2424194507525434,Spyware,Zeus
Ransomware-WannaCry-2.raw,0.2940282477771341,0.2043030715478967,Ransomware,Wannacry
Benign,0.283929405432931,0.816515747455923,Benign,Benign
Benign,0.0883429807931299,0.715487139653401,Benign,Benign
Spyware-Zeus-1.raw,0.9257272563316729,0.6412011432777642,Spyware,Zeus
Spyware-TIBS-4.raw,0.0564341343034731,0.3597307374676333,Spyware,Tibs
Spyware-TIBS-4.raw,0.4110528453397415,0.2742743851055237,Spyware,Tibs
Trojan-Emotet-3.raw,0.7376917654124412,0.4457535848467023,Trojan,Emotet
Trojan-Emotet-3.raw,0.7863323568313547,0.1607550588322794,Trojan,Emotet
Spyware-TIBS-4.raw,0.8725031911140492,0.2271751947872731,Spyware,Tibs
Spyware-Zeus-1.raw,0.8823078428436427,0.0358384297132309,Spyware,Zeus
Benign,0.0608025475508335,0.4245907528673027,Benign,Benign
Spyware-TIBS-4.raw,0.0016337165360443,0.3422316748891526,Spyware,Tibs
Benign,0.6420449025350505,0.2009534247410189,Benign,Benign
Ransomware-WannaCry-2.raw,0.111549961865774,0.6619224370298556,Ransomware,Wannacry
Spyware-Zeus-1.raw,0.5169622005328012,0.4716329026650723,Spyware,Zeus
Ransomware-WannaCry-2.raw,0.7790957212240025,0.1365000654758836,Ransomware,Wannacry
Spyware-Zeus-1.raw,0.9494687204754028,0.6462027381230714,Spyware,Zeus
Spyware-TIBS-4.raw,0.6092990668495621,0.8383213892214207,Spyware,Tibs
Ransomware-WannaCry-2.raw,0.8529245721339066,0.7324320005049197,Ransomware,Wannacry
Ransomware-WannaCry-2.raw,0.3742327708453901,0.4805606889161535,Ransomware,Wannacry
Trojan-Emotet-3.raw,0.2176281110187699,0.8620642697801557,Trojan,Emotet
Ransomware-WannaCry-2.raw,0.0174631859127282,0.2113140134243757,Ransomware,Wannacry
Spyware-TIBS-4.raw,0.552062727816093,0.22646524880558,Spyware,Tibs
Spyware-TIBS-4.raw,0.1889827833696367,0.7828280159500317,Spyware,Tibs
Benign,0.8361529538642373,0.5812014614889098,Benign,Benign
Spyware-Zeus-1.raw,0.5689561602074976,0.9565107627237602,Spyware,Zeus
Trojan-Emotet-3.raw,0.8176731580613291,0.7029955866251376,Trojan,Emotet
Ransomware-WannaCry-2.raw,0.5075741243938542,0.146993989959851,Ransomware,Wannacry
Trojan-Emotet-3.raw,0.1058094015094561,0.0554977420728843,Trojan,Emotet
Benign,0.6521390165444216,0.1745138530577534,Benign,Benign
Ransomware-WannaCry-2.raw,0.638948751453818,0.3473566346558372,Ransomware,Wannacry
Spyware-Zeus-1.raw,0.3076779491876739,0.5884467324475917,Spyware,Zeus
Spyware-TIBS-4.raw,0.7780480910180677,0.0380057498252759,Spyware,Tibs
Benign,0.199373879693062,0.7857080974348992,Benign,Benign
Trojan-Emotet-3.raw,0.0538540125351731,0.8154101004362225,Trojan,Emotet
Trojan-Emotet-3.raw,0.3101420756526438,0.3926743625664655,Trojan,Emotet
Benign,0.8958339118731795,0.7476397445142452,Benign,Benign
Benign,0.9983254662227616,0.4368942375963028,Benign,Benign
Spyware-Zeus-1.raw,0.168437531346513,0.4437092338102669,Spyware,Zeus
Spyware-TIBS-4.raw,0.7621934587662103,0.98082378425727,Spyware,Tibs
Spyware-TIBS-4.raw,0.0200646649191826,0.0228407453719078,Spyware,Tibs
Trojan-Emotet-3.raw,0.2097602168820321,0.7135922951657488,Trojan,Emotet
Trojan-Emotet-3.raw,0.3221709540739731,0.1971024290168275,Trojan,Emotet
Trojan-Emotet-3.raw,0.4667658006072988,0.574452488393184,Trojan,Emotet
Spyware-TIBS-4.raw,0.4248856089333089,0.2330991213806141,Spyware,Tibs
Benign,0.4805762336023086,0.9795270323232788,Benign,Benign
Ransomware-WannaCry-2.raw,0.801725396741215,0.6239985364010386,Ransomware,Wannacry
Ransomware-WannaCry-2.raw,0.8021083826235352,0.8622558433926191,Ransomware,Wannacry
Benign,0.4789688856645636,0.7399635803642675,Benign,Benign
Spyware-Zeus-1.raw,0.9806025929437931,0.091036751224507,Spyware,Zeus
Spyware-Zeus-1.raw,0.1845799507622855,0.6032791084101811,Spyware,Zeus
Benign,0.6573926748027079,0.6519447102377609,Benign,Benign
Benign,0.5150036955826461,0.1539852564344043,Benign,Benign
Ransomware-WannaCry-2.raw,0.6202051768676354,0.601646229004799,Ransomware,Wannacry
Benign,0.9269513937574106,0.9460492030570544,Benign,Benign
Ransomware-WannaCry-2.raw,0.2919798138685942,0.5477164949087532,Ransomware,Wannacry
Benign,0.7042991087015846,0.9303672908820068,Benign,Benign
Trojan-Emotet-3.raw,0.2324846286368533,0.0244907354388507,Trojan,Emotet
Ransomware-WannaCry-2.raw,0.6839819383430464,0.8488016733110726,Ransomware,Wannacry
Trojan-Emotet-3.raw,0.9399833765746834,0.4315830967893843,Trojan,Emotet
Trojan-Emotet-3.raw,0.7417581639757512,0.5704394672727351,Trojan,Emotet
Ransomware-WannaCry-2.raw,0.7248495499342099,0.8621256982730187,Ransomware,Wannacry
Trojan-Emotet-3.raw,0.4593533244132713,0.9723602630147302,Trojan,Emotet
